<?xml version="1.0" encoding="UTF-8"?>
<project-private xmlns="http://www.netbeans.org/ns/project-private/1">
    <editor-bookmarks xmlns="http://www.netbeans.org/ns/editor-bookmarks/2" lastBookmarkId="0"/>
    <open-files xmlns="http://www.netbeans.org/ns/projectui-open-files/2">
        <group>
            <file>file:/C:/Users/Gabriel/Documents/NetBeansProjects/Projeto%20universidade/src/model/bean/Aluno.java</file>
            <file>file:/C:/Users/Gabriel/Documents/NetBeansProjects/Projeto%20universidade/src/Servico/ServicoMain.java</file>
            <file>file:/C:/Users/Gabriel/Documents/NetBeansProjects/Projeto%20universidade/src/model/bean/Historico.java</file>
            <file>file:/C:/Users/Gabriel/Documents/NetBeansProjects/Projeto%20universidade/src/model/bean/Diciplina.java</file>
        </group>
    </open-files>
</project-private>
